{
  "image_info": {
    "resolution": [
      1280,
      720
    ],
    "depth_shape": [
      720,
      1280
    ]
  },
  "camera_info": {
    "intrinsic": [
      [
        791.875,
        0.0,
        640.0
      ],
      [
        0.0,
        791.71875,
        360.0
      ],
      [
        0.0,
        0.0,
        1.0
      ]
    ],
    "extrinsic": [
      [
        1.0,
        0.0,
        0.0,
        0.0
      ],
      [
        0.0,
        1.0,
        0.0,
        0.0
      ],
      [
        0.0,
        0.0,
        1.0,
        0.0
      ],
      [
        0.0,
        0.0,
        0.0,
        1.0
      ]
    ]
  },
  "gaussian_params": {
    "1": {
      "label": "car",
      "mean": [
        2.786775588989258,
        0.9098660945892334,
        4.968849182128906
      ],
      "cov": [
        [
          0.133132666349411,
          -0.05360286682844162,
          -0.24688909947872162
        ],
        [
          -0.05360286682844162,
          0.14176271855831146,
          0.004084253218024969
        ],
        [
          -0.24688909947872162,
          0.004084253218024969,
          0.6024672389030457
        ]
      ],
      "num_points": 85430,
      "num_mask_pixels": 85430,
      "eigvals": [
        0.009851271286606789,
        0.1579921543598175,
        0.7095192074775696
      ],
      "trace": 0.8773626089096069
    },
    "2": {
      "label": "person",
      "mean": [
        -1.7657428979873657,
        0.8665125370025635,
        4.243997573852539
      ],
      "cov": [
        [
          0.03205416724085808,
          -0.00815580878406763,
          -0.018591705709695816
        ],
        [
          -0.00815580878406763,
          0.12582458555698395,
          0.02420981414616108
        ],
        [
          -0.018591705709695816,
          0.02420981414616108,
          0.0282086543738842
        ]
      ],
      "num_points": 18517,
      "num_mask_pixels": 18517,
      "eigvals": [
        0.00992201641201973,
        0.04316040128469467,
        0.13300493359565735
      ],
      "trace": 0.18608739972114563
    },
    "3": {
      "label": "person",
      "mean": [
        -2.814262866973877,
        0.7450002431869507,
        5.4026618003845215
      ],
      "cov": [
        [
          0.015741119161248207,
          -0.007263783365488052,
          -0.0025327105540782213
        ],
        [
          -0.007263783365488052,
          0.14433909952640533,
          0.0159190334379673
        ],
        [
          -0.0025327105540782213,
          0.0159190334379673,
          0.008813987486064434
        ]
      ],
      "num_points": 9628,
      "num_mask_pixels": 9628,
      "eigvals": [
        0.006644644308835268,
        0.01563503034412861,
        0.14661453664302826
      ],
      "trace": 0.1688942015171051
    },
    "4": {
      "label": "car",
      "mean": [
        -6.613330364227295,
        0.7481151223182678,
        9.475608825683594
      ],
      "cov": [
        [
          0.2377939373254776,
          0.030144039541482925,
          0.09135633707046509
        ],
        [
          0.030144039541482925,
          0.07835704833269119,
          -0.012472174130380154
        ],
        [
          0.09135633707046509,
          -0.012472174130380154,
          0.061562974005937576
        ]
      ],
      "num_points": 14561,
      "num_mask_pixels": 14561,
      "eigvals": [
        0.014063673093914986,
        0.08441457897424698,
        0.27923569083213806
      ],
      "trace": 0.3777139484882355
    },
    "5": {
      "label": "person",
      "mean": [
        0.2684849500656128,
        0.6272802948951721,
        7.5459818840026855
      ],
      "cov": [
        [
          0.02745385654270649,
          -0.028615832328796387,
          -0.018566973507404327
        ],
        [
          -0.028615832328796387,
          0.09373478591442108,
          0.02902199886739254
        ],
        [
          -0.018566973507404327,
          0.02902199886739254,
          0.023907365277409554
        ]
      ],
      "num_points": 4312,
      "num_mask_pixels": 4312,
      "eigvals": [
        0.006912680342793465,
        0.0215094406157732,
        0.11667388677597046
      ],
      "trace": 0.14509600400924683
    }
  },
  "num_objects": 5,
  "obj_id_to_color_idx": {
    "1": 0,
    "2": 1,
    "3": 2,
    "4": 3,
    "5": 4
  }
}