{
  "image_info": {
    "resolution": [
      1280,
      720
    ],
    "depth_shape": [
      720,
      1280
    ]
  },
  "camera_info": {
    "intrinsic": [
      [
        963.125,
        0.0,
        640.0
      ],
      [
        0.0,
        963.28125,
        360.0
      ],
      [
        0.0,
        0.0,
        1.0
      ]
    ],
    "extrinsic": [
      [
        1.0,
        0.0,
        0.0,
        0.0
      ],
      [
        0.0,
        1.0,
        0.0,
        0.0
      ],
      [
        0.0,
        0.0,
        1.0,
        0.0
      ],
      [
        0.0,
        0.0,
        0.0,
        1.0
      ]
    ]
  },
  "gaussian_params": {
    "1": {
      "label": "person",
      "mean": [
        0.8175180554389954,
        0.21810562908649445,
        3.364633798599243
      ],
      "cov": [
        [
          0.017803655937314034,
          0.010128169320523739,
          -0.0057431356981396675
        ],
        [
          0.010128169320523739,
          0.21368063986301422,
          0.017798656597733498
        ],
        [
          -0.0057431356981396675,
          0.017798656597733498,
          0.011315968818962574
        ]
      ],
      "num_points": 58398,
      "num_mask_pixels": 58398,
      "eigvals": [
        0.005945309065282345,
        0.021155498921871185,
        0.2156994491815567
      ],
      "trace": 0.2428002655506134
    },
    "2": {
      "label": "person",
      "mean": [
        1.360714077949524,
        0.32897043228149414,
        3.18789005279541
      ],
      "cov": [
        [
          0.011363412253558636,
          0.0054160114377737045,
          -0.002283436479046941
        ],
        [
          0.0054160114377737045,
          0.21253050863742828,
          0.0149135896936059
        ],
        [
          -0.002283436479046941,
          0.0149135896936059,
          0.009628900326788425
        ]
      ],
      "num_points": 59872,
      "num_mask_pixels": 59872,
      "eigvals": [
        0.006892527919262648,
        0.012874005362391472,
        0.2137562334537506
      ],
      "trace": 0.23352281749248505
    },
    "3": {
      "label": "person",
      "mean": [
        6.533284664154053,
        -0.47925183176994324,
        10.285965919494629
      ],
      "cov": [
        [
          0.03270573541522026,
          -0.019475137814879417,
          0.014662222005426884
        ],
        [
          -0.019475137814879417,
          0.2183550000190735,
          -0.021548863500356674
        ],
        [
          0.014662222005426884,
          -0.021548863500356674,
          0.04325747489929199
        ]
      ],
      "num_points": 7379,
      "num_mask_pixels": 7379,
      "eigvals": [
        0.022325079888105392,
        0.04867968708276749,
        0.22331342101097107
      ],
      "trace": 0.29431819915771484
    }
  },
  "num_objects": 3,
  "obj_id_to_color_idx": {
    "1": 0,
    "2": 1,
    "3": 2
  }
}